"PanelFile","ParameterName","Channel","PinNumber","PinDesignation","Type","SimVar_Logic","Notes"
"caution_panel.lua","OIL_PRESS_L","E","D37","ARDUINO_MEGA2560_E_D37","Input (Digital)","","mc_ca1"
"caution_panel.lua","ENG_CHIP_L","E","D28","ARDUINO_MEGA2560_E_D28","Input (Digital)","","mc_ca2"
"caution_panel.lua","FUEL_VALVE_L","E","D27","ARDUINO_MEGA2560_E_D27","Input (Digital)","","mc_ca3"
"caution_panel.lua","FUEL_BOOST_1_L","E","D45","ARDUINO_MEGA2560_E_D45","Input (Digital)","","mc_ca4"
"caution_panel.lua","FUEL_TRANS_1_L","E","D40","ARDUINO_MEGA2560_E_D40","Input (Digital)","","mc_ca5"
"caution_panel.lua","BATT_TEMP_L","E","D42","ARDUINO_MEGA2560_E_D42","Input (Digital)","","mc_ca6"
"caution_panel.lua","FUEL_FILTER_1_L","E","D48","ARDUINO_MEGA2560_E_D48","Input (Digital)","","mc_ca7"
"caution_panel.lua","FUEL_LOW_L","E","D41","ARDUINO_MEGA2560_E_D41","Input (Digital)","","mc_ca8"
"caution_panel.lua","EFIS_FAN_1_L","E","D38","ARDUINO_MEGA2560_E_D38","Input (Digital)","","mc_ca9"
"caution_panel.lua","PAR_SEP_OFF_L","E","D49","ARDUINO_MEGA2560_E_D49","Input (Digital)","","mc_cb1"
"caution_panel.lua","GOV_MANUAL_L","E","D47","ARDUINO_MEGA2560_E_D47","Input (Digital)","","mc_cb2"
"caution_panel.lua","DC_GEN_L","E","D30","ARDUINO_MEGA2560_E_D30","Input (Digital)","","mc_cb3"
"caution_panel.lua","AUTO_PILOT_1_L","E","D34","ARDUINO_MEGA2560_E_D34","Input (Digital)","","mc_cb5"
"caution_panel.lua","ROTOR_BRAKE_L","E","D32","ARDUINO_MEGA2560_E_D32","Input (Digital)","","mc_cb6"
"caution_panel.lua","INVERTER_1_L","E","D46","ARDUINO_MEGA2560_E_D46","Input (Digital)","","mc_cb7"
"caution_panel.lua","HEATER_AIR_L","E","D39","ARDUINO_MEGA2560_E_D39","Input (Digital)","","mc_cb8"
"caution_panel.lua","IGNITION_L","E","D25","ARDUINO_MEGA2560_E_D25","Input (Digital)","","mc_cc1"
"caution_panel.lua","CBOX_OIL_PRESS_L","E","D35","ARDUINO_MEGA2560_E_D35","Input (Digital)","","mc_cc2"
"caution_panel.lua","CBOX_OIL_TEMP_L","E","D50","ARDUINO_MEGA2560_E_D50","Input (Digital)","","mc_cc3"
"caution_panel.lua","CBOX_CHIP_L","E","D43","ARDUINO_MEGA2560_E_D43","Input (Digital)","","mc_cc4"
"caution_panel.lua","NO_1_HYD_L","E","D26","ARDUINO_MEGA2560_E_D26","Input (Digital)","","mc_cc5"
"caution_panel.lua","EXT_POWER_L","E","D3","ARDUINO_MEGA2560_E_D3","Input (Digital)","","mc_cc6"
"caution_panel.lua","XMSN_OIL_PRESS_R","E","A0","ARDUINO_MEGA2560_E_A0","Input/Output (Verify)","","mc_cd1"
"caution_panel.lua","XMSN_OIL_TEMP_R","E","A4","ARDUINO_MEGA2560_E_A4","Input/Output (Verify)","","mc_cd2"
"caution_panel.lua","XMSN_CHIP_R","E","D11","ARDUINO_MEGA2560_E_D11","Input (Digital)","","mc_cd3"
"caution_panel.lua","NO_2_HYD_R","E","D13","ARDUINO_MEGA2560_E_D13","Input (Digital)","","mc_cd4"
"caution_panel.lua","BOX_CHIP_4290_R","E","D53","ARDUINO_MEGA2560_E_D53","Input (Digital)","","mc_cd5"
"caution_panel.lua","DC_GEN_R","E","A14","ARDUINO_MEGA2560_E_A14","Input/Output (Verify)","","mc_ce1"
"caution_panel.lua","CAUTION_PANEL_R","E","A8","ARDUINO_MEGA2560_E_A8","Input/Output (Verify)","","mc_ce2"
"caution_panel.lua","INVERTOR_2_R","E","A7","ARDUINO_MEGA2560_E_A7","Input/Output (Verify)","","mc_ce3"
"caution_panel.lua","DOOR_LOCK_R","E","D6","ARDUINO_MEGA2560_E_D6","Input (Digital)","","mc_ce4"
"caution_panel.lua","FUEL_BOOST_2_R","E","A13","ARDUINO_MEGA2560_E_A13","Input/Output (Verify)","","mc_cf1"
"caution_panel.lua","FUEL_TRANS_2_R","E","A5","ARDUINO_MEGA2560_E_A5","Input/Output (Verify)","","mc_cf2"
"caution_panel.lua","BATTERY_R","E","A6","ARDUINO_MEGA2560_E_A6","Input/Output (Verify)","","mc_cf3"
"caution_panel.lua","FUEL_FILTER_2_R","E","A10","ARDUINO_MEGA2560_E_A10","Input/Output (Verify)","","mc_cf4"
"caution_panel.lua","FUEL_INTERCON_R","E","D52","ARDUINO_MEGA2560_E_D52","Input (Digital)","","mc_cf5"
"caution_panel.lua","FUEL_XFEED_R","E","D9","ARDUINO_MEGA2560_E_D9","Input (Digital)","","mc_cf6"
"caution_panel.lua","OIL_PRESS_R","E","A11","ARDUINO_MEGA2560_E_A11","Input/Output (Verify)","",""
"caution_panel.lua","FUEL_VALVE_R","E","A12","ARDUINO_MEGA2560_E_A12","Input/Output (Verify)","",""
"caution_panel.lua","ENG_CHIP_R","E","D8","ARDUINO_MEGA2560_E_D8","Input (Digital)","",""
"caution_panel.lua","AUTO_PILOT_2_R","E","A15","ARDUINO_MEGA2560_E_A15","Input/Output (Verify)","",""
"collective.lua","PIN_THROTTLE1","C","A0","ARDUINO_MEGA2560_C_A0","Input (Analog)","","Throttle 1 Axis"
"collective.lua","PIN_THROTTLE2","C","A1","ARDUINO_MEGA2560_C_A1","Input (Analog)","","Throttle 2 Axis"
"collective.lua","PIN_LDG_LT_LT","C","D22","ARDUINO_MEGA2560_C_D22","Output (LED)","","LDG LIGHT LT (Light ON/OFF)"
"collective.lua","PIN_LDG_LT_EXT","C","D26","ARDUINO_MEGA2560_C_D26","Input (Digital)","","LDG LT EXT (Extend)"
"collective.lua","PIN_LDG_LT_RETR","C","D25","ARDUINO_MEGA2560_C_D25","Input (Digital)","","LDG LT RETR (Retract)"
"collective.lua","PIN_SRCH_LT_ON","C","D23","ARDUINO_MEGA2560_C_D23","Input (Digital)","","SRCH LT ON (Toggle)"
"collective.lua","PIN_SRCH_LT_STOW","C","D24","ARDUINO_MEGA2560_C_D24","Input (Digital)","","SRCH LT STOW (Retract)"
"collective.lua","PIN_SRCH_LT_EXT","C","D39","ARDUINO_MEGA2560_C_D39","Input (Digital)","","SRCH LT EXT (Extend)"
"collective.lua","PIN_SRCH_LT_L","C","D37","ARDUINO_MEGA2560_C_D37","Input (Digital)","","SRCH LT L (Left)"
"collective.lua","PIN_SRCH_LT_R","C","D38","ARDUINO_MEGA2560_C_D38","Input (Digital)","","SRCH LT R (Right)"
"collective.lua","PIN_SRCH_LT_RETR","C","D40","ARDUINO_MEGA2560_C_D40","Input (Digital)","","SRCH LT RETR (Retract)"
"collective.lua","PIN_IDLE_STOP_ENG1","C","D28","ARDUINO_MEGA2560_C_D28","Input (Digital)","","IDLE STOP ENG1"
"collective.lua","PIN_IDLE_STOP_ENG2","C","D29","ARDUINO_MEGA2560_C_D29","Input (Digital)","","IDLE STOP ENG2"
"collective.lua","PIN_START_ENG1","C","D31","ARDUINO_MEGA2560_C_D31","Input (Digital)","","START ENG1"
"collective.lua","PIN_START_ENG2","C","D30","ARDUINO_MEGA2560_C_D30","Input (Digital)","","START ENG2"
"collective.lua","PIN_RPM_INC_RH","C","D34","ARDUINO_MEGA2560_C_D34","Input (Digital)","","RPM INC"
"collective.lua","PIN_RPM_DEC_RH","C","D35","ARDUINO_MEGA2560_C_D35","Input (Digital)","","RPM DEC"
"collective.lua","PIN_RPM_PLUS2","C","D36","ARDUINO_MEGA2560_C_D36","Input (Digital)","","RPM +2"
"collective.lua","PIN_RPM_MINUS2","C","D33","ARDUINO_MEGA2560_C_D33","Input (Digital)","","RPM -2"
"collective.lua","PIN_YAW_UP_RH","C","D48","ARDUINO_MEGA2560_C_D48","Input (Digital)","","YAW UP (Rudder Trim Right)"
"collective.lua","PIN_YAW_DOWN_RH","C","D32","ARDUINO_MEGA2560_C_D32","Input (Digital)","","YAW DOWN (Rudder Trim Left)"
"collective.lua","PIN_GO_AROUND_RH","C","D41","ARDUINO_MEGA2560_C_D41","Input (Digital)","","GO AROUND"
"collective.lua","PIN_RPM_INC_LH","C","D45","ARDUINO_MEGA2560_C_D45","Input (Digital)","","RPM INC"
"collective.lua","PIN_RPM_DEC_LH","C","D46","ARDUINO_MEGA2560_C_D46","Input (Digital)","","RPM DEC"
"collective.lua","PIN_YAW_UP_LH","C","D44","ARDUINO_MEGA2560_C_D44","Input (Digital)","","YAW UP (Rudder Trim Right)"
"collective.lua","PIN_YAW_DOWN_LH","C","D43","ARDUINO_MEGA2560_C_D43","Input (Digital)","","YAW DOWN (Rudder Trim Left)"
"collective.lua","PIN_GO_AROUND_LH","C","D42","ARDUINO_MEGA2560_C_D42","Input (Digital)","","GO AROUND"
"flight_director.lua","PIN_FD1_ALT","F","D46","ARDUINO_MEGA2560_F_D46","Input (Digital)","","ALT"
"flight_director.lua","PIN_FD1_IAS","F","D47","ARDUINO_MEGA2560_F_D47","Input (Digital)","","IAS"
"flight_director.lua","PIN_FD1_VS","F","D48","ARDUINO_MEGA2560_F_D48","Input (Digital)","","VS"
"flight_director.lua","PIN_FD1_HDG","F","D49","ARDUINO_MEGA2560_F_D49","Input (Digital)","","HDG"
"flight_director.lua","PIN_FD1_NAV","F","D50","ARDUINO_MEGA2560_F_D50","Input (Digital)","","NAV"
"flight_director.lua","PIN_FD1_ILS","F","D51","ARDUINO_MEGA2560_F_D51","Input (Digital)","","ILS"
"flight_director.lua","PIN_FD1_BC","F","D52","ARDUINO_MEGA2560_F_D52","Input (Digital)","","BC"
"flight_director.lua","PIN_FD1_VOR_APR","F","D53","ARDUINO_MEGA2560_F_D53","Input (Digital)","","VOR APR"
"flight_director.lua","PIN_FD1_GA","F","D13","ARDUINO_MEGA2560_F_D13","Input (Digital)","","GA"
"flight_director.lua","PIN_FD1_SBY","F","A1","ARDUINO_MEGA2560_F_A1","Input/Output (Verify)","","SBY"
"flight_director.lua","PIN_FD1_LED_VS","F","A4","ARDUINO_MEGA2560_F_A4","Output (LED)","",""
"flight_director.lua","PIN_FD1_LED_IAS","F","A2","ARDUINO_MEGA2560_F_A2","Output (LED)","",""
"flight_director.lua","PIN_FD1_LED_ALT","F","A3","ARDUINO_MEGA2560_F_A3","Output (LED)","",""
"flight_director.lua","PIN_FD1_LED_ILS_1","F","A5","ARDUINO_MEGA2560_F_A5","Output (LED)","",""
"flight_director.lua","PIN_FD1_LED_ILS_2","F","A6","ARDUINO_MEGA2560_F_A6","Output (LED)","",""
"flight_director.lua","PIN_FD1_LED_NAV_1","F","A7","ARDUINO_MEGA2560_F_A7","Output (LED)","",""
"flight_director.lua","PIN_FD1_LED_NAV_2","F","A8","ARDUINO_MEGA2560_F_A8","Output (LED)","",""
"flight_director.lua","PIN_FD1_LED_HDG","F","A9","ARDUINO_MEGA2560_F_A9","Output (LED)","",""
"flight_director.lua","PIN_FD1_LED_GA","F","A10","ARDUINO_MEGA2560_F_A10","Output (LED)","",""
"flight_director.lua","PIN_FD1_LED_VOR_APR_1","F","A11","ARDUINO_MEGA2560_F_A11","Output (LED)","",""
"flight_director.lua","PIN_FD1_LED_VOR_APR_2","F","A12","ARDUINO_MEGA2560_F_A12","Output (LED)","",""
"flight_director.lua","PIN_FD1_LED_BC_1","F","A13","ARDUINO_MEGA2560_F_A13","Output (LED)","",""
"flight_director.lua","PIN_FD1_LED_BC_2","F","A14","ARDUINO_MEGA2560_F_A14","Output (LED)","",""
"flight_director.lua","PIN_FD1_LED_SBY","F","A15","ARDUINO_MEGA2560_F_A15","Output (LED)","",""
"flight_director.lua","PIN_FD2_ALT","F","D25","ARDUINO_MEGA2560_F_D25","Input (Digital)","","ALT"
"flight_director.lua","PIN_FD2_IAS","F","D26","ARDUINO_MEGA2560_F_D26","Input (Digital)","","IAS"
"flight_director.lua","PIN_FD2_VS","F","D27","ARDUINO_MEGA2560_F_D27","Input (Digital)","","VS"
"flight_director.lua","PIN_FD2_HDG","F","D33","ARDUINO_MEGA2560_F_D33","Input (Digital)","","HDG"
"flight_director.lua","PIN_FD2_NAV","F","D34","ARDUINO_MEGA2560_F_D34","Input (Digital)","","NAV"
"flight_director.lua","PIN_FD2_ILS","F","D35","ARDUINO_MEGA2560_F_D35","Input (Digital)","","ILS"
"flight_director.lua","PIN_FD2_BC","F","D42","ARDUINO_MEGA2560_F_D42","Input (Digital)","","BC"
"flight_director.lua","PIN_FD2_VOR_APR","F","D41","ARDUINO_MEGA2560_F_D41","Input (Digital)","","VOR APR"
"flight_director.lua","PIN_FD2_GA","F","D43","ARDUINO_MEGA2560_F_D43","Input (Digital)","","GA (Digital 43)"
"flight_director.lua","PIN_FD2_SBY","F","D45","ARDUINO_MEGA2560_F_D45","Input (Digital)","","SBY (Digital 45)"
"front_panel.lua","PIN_BRG_PTR","A","D38","ARDUINO_MEGA2560_A_D38","Input (Digital)","L:SwBrgPtr","BRG PTR Switch Left"
"front_panel.lua","PIN_BRG_PTR2","A","D10","ARDUINO_MEGA2560_A_D10","Input (Digital)","L:SwBrgPtr","BRG PTR Switch Right"
"front_panel.lua","PIN_FIRE_PULL1","A","D50","ARDUINO_MEGA2560_A_D50","Input (Digital)","L:firethandl","Fire Pull Handle Left"
"front_panel.lua","PIN_FIRE_PULL2","A","D35","ARDUINO_MEGA2560_A_D35","Input (Digital)","L:firethandr","Fire Pull Handle Right"
"front_panel.lua","PIN_FIRE_TEST","A","D51","ARDUINO_MEGA2560_A_D51","Input (Digital)","L:Swfiretest","Fire Detection Test"
"front_panel.lua","PIN_BAG_FIRE_TEST","A","D52","ARDUINO_MEGA2560_A_D52","Input (Digital)","L:firetestbag","Baggage Fire Test"
"front_panel.lua","PIN_EXTINGUISHER_POS1","A","D7","ARDUINO_MEGA2560_A_D7","Input (Digital)","L:Extinguisher","Fire Extinguisher Main"
"front_panel.lua","PIN_EXTINGUISHER_POS2","A","D8","ARDUINO_MEGA2560_A_D8","Input (Digital)","L:Extinguisher","Fire Extinguisher Reserve"
"front_panel.lua","PIN_MARKER_TEST","A","D45","ARDUINO_MEGA2560_A_D45","Input (Digital)","L:TestMarker","Marker Test Left"
"front_panel.lua","PIN_MARKER_TEST2","A","D37","ARDUINO_MEGA2560_A_D37","Input (Digital)","L:TestMarker","Marker Test Right"
"front_panel.lua","PIN_OVERTQ_TEST","A","D49","ARDUINO_MEGA2560_A_D49","Input (Digital)","L:Overtq","Over Torque Test Left"
"front_panel.lua","PIN_OVERTQ_TEST2","A","D33","ARDUINO_MEGA2560_A_D33","Input (Digital)","L:Overtq","Over Torque Test Right"
"front_panel.lua","PIN_CYC_CTR_TEST_L","A","D40","ARDUINO_MEGA2560_A_D40","Input (Digital)","L:Cyctest","Cyclic Center Test Left"
"front_panel.lua","PIN_CYC_CTR_TEST_R","A","D32","ARDUINO_MEGA2560_A_D32","Input (Digital)","L:Cyctest","Cyclic Center Test Right"
"front_panel.lua","PIN_MC_RESET_L","A","D41","ARDUINO_MEGA2560_A_D41","Input (Digital)","","Master Caution Button Left"
"front_panel.lua","PIN_MC_RESET_R","A","D36","ARDUINO_MEGA2560_A_D36","Input (Digital)","","Master Caution Button Right"
"front_panel.lua","PIN_FUEL_SYS_TEST_FWD","A","D53","ARDUINO_MEGA2560_A_D53","Input (Digital)","L:FuelQuantity","Fuel Sys Test Fwd Tank"
"front_panel.lua","PIN_FUEL_SYS_TEST_MID","A","D34","ARDUINO_MEGA2560_A_D34","Input (Digital)","L:FuelQuantity","Fuel Sys Test Mid Tank"
"front_panel.lua","PIN_FUEL_DIGIT_TEST","A","D44","ARDUINO_MEGA2560_A_D44","Input (Digital)","","Fuel Digit Test"
"front_panel.lua","PIN_NAV_GPS_BTN_R","A","D11","ARDUINO_MEGA2560_A_D11","Input (Digital)","","Nav GPS White Right Button"
"front_panel.lua","PIN_NAV_GPS_BTN_L","A","D25","ARDUINO_MEGA2560_A_D25","Input (Digital)","","Nav GPS White Left Button"
"front_panel.lua","PIN_BRG_PTR_LED","A","D3","ARDUINO_MEGA2560_A_D3","Output (LED)","","BRG PTR Switch Left LED"
"front_panel.lua","PIN_BRG_PTR2_LED","A","D13","ARDUINO_MEGA2560_A_D13","Output (LED)","","BRG PTR Switch Right LED"
"front_panel.lua","PIN_FIRE_HANDLE1_LED","A","D5","ARDUINO_MEGA2560_A_D5","Output (LED)","","Fire Handle 1 Status LED Left"
"front_panel.lua","PIN_FIRE_HANDLE2_LED","A","D24","ARDUINO_MEGA2560_A_D24","Output (LED)","","Fire Handle 2 Status LED Right"
"front_panel.lua","PIN_BAG_FIRE_TEST_LED","A","D2","ARDUINO_MEGA2560_A_D2","Output (LED)","","Baggage Fire Test LED"
"front_panel.lua","PIN_MARKER_R_WHT","A","D26","ARDUINO_MEGA2560_A_D26","Input (Digital)","","Marker Right White"
"front_panel.lua","PIN_MARKER_R_RED","A","D27","ARDUINO_MEGA2560_A_D27","Input (Digital)","","Marker Right Red"
"front_panel.lua","PIN_MARKER_R_BLU","A","D28","ARDUINO_MEGA2560_A_D28","Input (Digital)","","Marker Right Blue"
"front_panel.lua","PIN_MARKER_L_WHT","A","D46","ARDUINO_MEGA2560_A_D46","Input (Digital)","","Marker Left White (right)"
"front_panel.lua","PIN_MARKER_L_BLU","A","D47","ARDUINO_MEGA2560_A_D47","Input (Digital)","","Marker Left Blue (left)"
"front_panel.lua","PIN_MARKER_L_RED","A","D48","ARDUINO_MEGA2560_A_D48","Input (Digital)","","Marker Left Red (middle)"
"front_panel.lua","PIN_OVERTQ_LED_L","A","D39","ARDUINO_MEGA2560_A_D39","Output (LED)","","Over Torque LED Left"
"front_panel.lua","PIN_OVERTQ_LED_R","A","D9","ARDUINO_MEGA2560_A_D9","Output (LED)","","Over Torque LED Right"
"front_panel.lua","PIN_CYC_CTR_LED_L","A","D42","ARDUINO_MEGA2560_A_D42","Output (LED)","","Cyclic Center LED Left"
"front_panel.lua","PIN_CYC_CTR_LED_R","A","D30","ARDUINO_MEGA2560_A_D30","Output (LED)","","Cyclic Center LED Right"
"front_panel.lua","PIN_MC_LED_L","A","D43","ARDUINO_MEGA2560_A_D43","Output (LED)","","Master Caution LED Left"
"front_panel.lua","PIN_MC_LED_R","A","D31","ARDUINO_MEGA2560_A_D31","Output (LED)","","Master Caution LED Right"
"front_panel.lua","PIN_ENG1_LED","A","D4","ARDUINO_MEGA2560_A_D4","Output (LED)","","Engine 1 Warning LED"
"front_panel.lua","PIN_ENG2_LED","A","D12","ARDUINO_MEGA2560_A_D12","Output (LED)","","Engine 2 Warning LED"
"over_head.lua","PIN_BATT1_SW","D","D44","ARDUINO_MEGA2560_D_D44","Input (Digital)","","Battery 1"
"over_head.lua","PIN_BATT2_SW","D","D49","ARDUINO_MEGA2560_D_D49","Input (Digital)","","Battery 2"
"over_head.lua","PIN_GEN1_SW_ON","D","D50","ARDUINO_MEGA2560_D_D50","Input (Digital)","","Generator 1 ON"
"over_head.lua","PIN_GEN1_SW_RESET","D","D51","ARDUINO_MEGA2560_D_D51","Input (Digital)","","Generator 1 RESET"
"over_head.lua","PIN_GEN2_SW_ON","D","A9","ARDUINO_MEGA2560_D_A9","Input (Digital)","","Generator 2 ON"
"over_head.lua","PIN_GEN2_SW_RESET","D","A10","ARDUINO_MEGA2560_D_A10","Input (Digital)","","Generator 2 RESET"
"over_head.lua","PIN_INV1_SW","D","A12","ARDUINO_MEGA2560_D_A12","Input (Digital)","","Inverter 1"
"over_head.lua","PIN_INV2_SW","D","A11","ARDUINO_MEGA2560_D_A11","Input (Digital)","","Inverter 2"
"over_head.lua","PIN_NONESNTL_SW","D","A13","ARDUINO_MEGA2560_D_A13","Input (Digital)","","Non-Essential Bus"
"over_head.lua","PIN_EMERGLOAD_SW","D","A14","ARDUINO_MEGA2560_D_A14","Input (Digital)","","Emergency Load"
"over_head.lua","PIN_STBYATT_SW","D","D10","ARDUINO_MEGA2560_D_D10","Input (Digital)","","Standby Attitude"
"over_head.lua","PIN_MAP_DIM_BTN","D","D11","ARDUINO_MEGA2560_D_D11","Input (Digital)","","Map Light Dimmer Button"
"over_head.lua","PIN_PITOT_HEAT","D","D53","ARDUINO_MEGA2560_D_D53","Input (Digital)","","Pitot Heat"
"over_head.lua","PIN_NAV_LIGHTS","D","D15","ARDUINO_MEGA2560_D_D15","Input (Digital)","","Nav Lights"
"over_head.lua","PIN_ANTICOLL","D","D16","ARDUINO_MEGA2560_D_D16","Input (Digital)","","Anti-Collision Lights"
"over_head.lua","PIN_WIPER_PI","D","D17","ARDUINO_MEGA2560_D_D17","Input (Digital)","","Pilot Wiper"
"over_head.lua","PIN_WIPER_CO","D","D18","ARDUINO_MEGA2560_D_D18","Input (Digital)","","Co-Pilot Wiper"
"over_head.lua","PIN_HEATER","D","D43","ARDUINO_MEGA2560_D_D43","Input (Digital)","","Heater"
"over_head.lua","PIN_VENT_BLOWER","D","D36","ARDUINO_MEGA2560_D_D36","Input (Digital)","","Vent Blower"
"over_head.lua","PIN_AFT_OUTLET","D","D37","ARDUINO_MEGA2560_D_D37","Input (Digital)","","Aft Outlet"
"over_head.lua","PIN_DOME_LIGHT","D","D22","ARDUINO_MEGA2560_D_D22","Input (Digital)","","Dome Light"
"over_head.lua","PIN_UTILITY_LT","D","D23","ARDUINO_MEGA2560_D_D23","Input (Digital)","","Utility Light"
"over_head.lua","PIN_FIRE_PULL1","D","D24","ARDUINO_MEGA2560_D_D24","Input (Digital)","","Fire Handle 1"
"over_head.lua","PIN_FIRE_PULL2","D","D25","ARDUINO_MEGA2560_D_D25","Input (Digital)","","Fire Handle 2"
"over_head.lua","PIN_FIRE_TEST","D","D26","ARDUINO_MEGA2560_D_D26","Input (Digital)","","Fire/Bag Test"
"over_head.lua","PIN_COMPASS_SLAVE","D","D27","ARDUINO_MEGA2560_D_D27","Input (Digital)","","Compass Mag/Slave"
"over_head.lua","PIN_RELAY_NON_ESS","D","D40","ARDUINO_MEGA2560_D_D40","Output (Hardware)","","Non-Essential Bus Logic"
"over_head.lua","PIN_RELAY_BAT1_OFF","D","D41","ARDUINO_MEGA2560_D_D41","Output (Hardware)","","Battery 1 Off Logic"
"over_head.lua","PIN_CB_INV1","D","D34","ARDUINO_MEGA2560_D_D34","Input (Digital)","",""
"over_head.lua","PIN_CB_INV2","D","A7","ARDUINO_MEGA2560_D_A7","Input/Output (Verify)","",""
"over_head.lua","PIN_CB_NON_ESS1","D","D29","ARDUINO_MEGA2560_D_D29","Input (Digital)","",""
"over_head.lua","PIN_CB_NON_ESS2","D","D30","ARDUINO_MEGA2560_D_D30","Input (Digital)","",""
"over_head.lua","PIN_CB_ITT1","D","D26","ARDUINO_MEGA2560_D_D26","Input (Digital)","",""
"over_head.lua","PIN_CB_ITT2","D","A2","ARDUINO_MEGA2560_D_A2","Input/Output (Verify)","",""
"over_head.lua","PIN_CB_GEN1_RESET","D","D22","ARDUINO_MEGA2560_D_D22","Input (Digital)","",""
"over_head.lua","PIN_CB_GEN2_RESET","D","A4","ARDUINO_MEGA2560_D_A4","Input/Output (Verify)","",""
"over_head.lua","PIN_CB_IGNITION1","D","D23","ARDUINO_MEGA2560_D_D23","Input (Digital)","",""
"over_head.lua","PIN_CB_IGNITION2","D","A3","ARDUINO_MEGA2560_D_A3","Input/Output (Verify)","",""
"over_head.lua","PIN_CB_ENG_TRQ","D","A5","ARDUINO_MEGA2560_D_A5","Input/Output (Verify)","",""
"over_head.lua","PIN_CB_MSTR_TRQ","D","A6","ARDUINO_MEGA2560_D_A6","Input/Output (Verify)","",""
"over_head.lua","PIN_CB_GEN2_FIELD","D","A8","ARDUINO_MEGA2560_D_A8","Input/Output (Verify)","",""
"over_head.lua","PIN_CB_IDLE_STOP","D","D24","ARDUINO_MEGA2560_D_D24","Input (Digital)","",""
"over_head.lua","PIN_ROTOR_BRAKE","D","D69","ARDUINO_MEGA2560_D_D69","Input (Digital)","",""
"over_head.lua","PIN_INST_CONSOLE","D","D42","ARDUINO_MEGA2560_D_D42","Input (Digital)","",""
"over_head.lua","PIN_INST_SEC","D","D45","ARDUINO_MEGA2560_D_D45","Input (Digital)","",""
"over_head.lua","PIN_INST_ENG","D","D47","ARDUINO_MEGA2560_D_D47","Input (Digital)","",""
"over_head.lua","PIN_MAP_DIMMER","D","A0","ARDUINO_MEGA2560_D_A0","Input (Analog)","","Map Light Dimmer Pot"
"over_head.lua","PIN_GEN1_FAIL_LED","D","D30","ARDUINO_MEGA2560_D_D30","Output (LED)","",""
"over_head.lua","PIN_GEN2_FAIL_LED","D","D31","ARDUINO_MEGA2560_D_D31","Output (LED)","",""
"over_head.lua","PIN_INV1_FAIL_LED","D","D32","ARDUINO_MEGA2560_D_D32","Output (LED)","",""
"over_head.lua","PIN_INV2_FAIL_LED","D","D33","ARDUINO_MEGA2560_D_D33","Output (LED)","",""
"over_head.lua","PIN_BATT_CAUT_LED","D","D34","ARDUINO_MEGA2560_D_D34","Output (LED)","",""
"over_head.lua","PIN_FIRE_ENG1_LED","D","D35","ARDUINO_MEGA2560_D_D35","Output (LED)","",""
"over_head.lua","PIN_FIRE_ENG2_LED","D","D36","ARDUINO_MEGA2560_D_D36","Output (LED)","",""
"over_head.lua","PIN_BAG_FIRE_LED","D","D37","ARDUINO_MEGA2560_D_D37","Output (LED)","",""
"pedestal.lua","PIN_AP1_SW","B","D13","ARDUINO_MEGA2560_B_D13","Input (Digital)","",""
"pedestal.lua","PIN_AP2_SW","B","D12","ARDUINO_MEGA2560_B_D12","Input (Digital)","",""
"pedestal.lua","PIN_AFCS_SAS_SW","B","D10","ARDUINO_MEGA2560_B_D10","Input (Digital)","",""
"pedestal.lua","PIN_AFCS_TEST_SW","B","D9","ARDUINO_MEGA2560_B_D9","Input (Digital)","",""
"pedestal.lua","PIN_AFCS_TRIM_FD_SW","B","D7","ARDUINO_MEGA2560_B_D7","Input (Digital)","",""
"pedestal.lua","PIN_AFCS_CPL_SW","B","D6","ARDUINO_MEGA2560_B_D6","Input (Digital)","",""
"pedestal.lua","PIN_AFCS_SYS2","B","D43","ARDUINO_MEGA2560_B_D43","Input (Digital)","",""
"pedestal.lua","PIN_AP1_LED","B","D5","ARDUINO_MEGA2560_B_D5","Output (LED)","",""
"pedestal.lua","PIN_AP2_LED","B","D4","ARDUINO_MEGA2560_B_D4","Output (LED)","",""
"pedestal.lua","PIN_AFCS_SAS_LED","B","D2","ARDUINO_MEGA2560_B_D2","Output (LED)","",""
"pedestal.lua","PIN_AFCS_ATT_LED","B","D3","ARDUINO_MEGA2560_B_D3","Output (LED)","",""
"pedestal.lua","PIN_AFCS_TRIM_LED","B","A1","ARDUINO_MEGA2560_B_A1","Output (LED)","","Analog as Digital"
"pedestal.lua","PIN_AFCS_TEST_LED","B","A2","ARDUINO_MEGA2560_B_A2","Output (LED)","","Analog as Digital"
"pedestal.lua","PIN_AFCS_FD_LED","B","A3","ARDUINO_MEGA2560_B_A3","Output (LED)","","Analog as Digital"
"pedestal.lua","PIN_AFCS_CPL_LED","B","A4","ARDUINO_MEGA2560_B_A4","Output (LED)","","Analog as Digital"
"pedestal.lua","PIN_AHRS_TEST_1","B","D53","ARDUINO_MEGA2560_B_D53","Input (Digital)","",""
"pedestal.lua","PIN_AHRS_TEST_2","B","D49","ARDUINO_MEGA2560_B_D49","Input (Digital)","",""
"pedestal.lua","PIN_MAG_DG_MAG1","B","D51","ARDUINO_MEGA2560_B_D51","Input (Digital)","",""
"pedestal.lua","PIN_MAG_DG_MAG2","B","D47","ARDUINO_MEGA2560_B_D47","Input (Digital)","",""
"pedestal.lua","PIN_MAG_DG_DG1","B","D52","ARDUINO_MEGA2560_B_D52","Input (Digital)","",""
"pedestal.lua","PIN_MAG_DG_DG2","B","D48","ARDUINO_MEGA2560_B_D48","Input (Digital)","",""
"pedestal.lua","PIN_AHRS_SERVO","B","D60","ARDUINO_MEGA2560_B_D60","Output (Hardware)","","Placeholder for Servo"
"pedestal.lua","PIN_VALVE1","B","D30","ARDUINO_MEGA2560_B_D30","Input (Digital)","",""
"pedestal.lua","PIN_VALVE2","B","D32","ARDUINO_MEGA2560_B_D32","Input (Digital)","",""
"pedestal.lua","PIN_XFEED","B","D28","ARDUINO_MEGA2560_B_D28","Input (Digital)","L:Swxfeedbus","XFEED Bus Test 1"
"pedestal.lua","PIN_XFEED_POS2","B","D31","ARDUINO_MEGA2560_B_D31","Input (Digital)","L:Swxfeedbus","XFEED Bus Test 2 , Ground = 0"
"pedestal.lua","PIN_FUEL_XFEED","B","D33","ARDUINO_MEGA2560_B_D33","Input (Digital)","","Fuel Crossfeed (0=Normal, 1=Over Close)"
"pedestal.lua","PIN_FUEL_TRANS1","B","D34","ARDUINO_MEGA2560_B_D34","Input (Digital)","L:SwfueltransengA","Trans Fuel 1"
"pedestal.lua","PIN_BOOST1","B","D35","ARDUINO_MEGA2560_B_D35","Input (Digital)","L:SwboostpuEng1","Boost Pump 1"
"pedestal.lua","PIN_FUEL_INTCON","B","D36","ARDUINO_MEGA2560_B_D36","Input (Digital)","L:Swfuelintcon","Fuel Intercon"
"pedestal.lua","PIN_FUEL_TRANS2","B","D37","ARDUINO_MEGA2560_B_D37","Input (Digital)","L:SwfueltransengB","Trans Fuel 2"
"pedestal.lua","PIN_BOOST2","B","D38","ARDUINO_MEGA2560_B_D38","Input (Digital)","L:SwboostpuEng2","Boost Pump 2"
"pedestal.lua","PIN_HYD1_SW","B","D39","ARDUINO_MEGA2560_B_D39","Input (Digital)","",""
"pedestal.lua","PIN_HYD2_SW","B","D42","ARDUINO_MEGA2560_B_D42","Input (Digital)","",""
"pedestal.lua","PIN_GOV_ENG1","B","D23","ARDUINO_MEGA2560_B_D23","Input (Digital)","",""
"pedestal.lua","PIN_GOV_ENG2","B","D29","ARDUINO_MEGA2560_B_D29","Input (Digital)","",""
"pedestal.lua","PIN_PARTSEP1","B","D25","ARDUINO_MEGA2560_B_D25","Input (Digital)","",""
"pedestal.lua","PIN_PARTSEP2","B","D27","ARDUINO_MEGA2560_B_D27","Input (Digital)","",""
"pedestal.lua","PIN_FORCE_TRIM","B","D40","ARDUINO_MEGA2560_B_D40","Input (Digital)","",""
"pedestal.lua","PIN_RPM_AUDIO","B","D41","ARDUINO_MEGA2560_B_D41","Input (Digital)","",""
